{"name":"hdro_06190c96-bc23-42ff-b6d8-f940194848f5","title":"Kazakhstan - Human Development Indicators","description":"Kazakhstan - Human Development Indicators\n\nThe aim of the Human Development Report is to stimulate global, regional and national policy-relevant discussions on issues pertinent to human development. Accordingly, the data in the Report require the highest standards of data quality, consistency, international comparability and transparency. The Human Development Report Office (HDRO) fully subscribes to the Principles governing international statistical activities. The HDI was created to emphasize that people and their capabilities should be the ultimate criteria for assessing the development of a country, not economic growth alone. The HDI can also be used to question national policy choices, asking how two countries with the same level of GNI per capita can end up with different human development outcomes. These contrasts can stimulate debate about government policy priorities. The Human Development Index (HDI) is a summary measure of average achievement in key dimensions of human development: a long and healthy life, being knowledgeable and have a decent standard of living. The HDI is the geometric mean of normalized indices for each of the three dimensions. The 2019 Global Multidimensional Poverty Index (MPI) data shed light on the number of people experiencing poverty at regional, national and subnational levels, and reveal inequalities across countries and among the poor themselves.Jointly developed by the United Nations Development Programme (UNDP) and the Oxford Poverty and Human Development Initiative (OPHI) at the University of Oxford, the 2019 global MPI offers data for 101 countries, covering 76 percent of the global population. The MPI provides a comprehensive and in-depth picture of global poverty – in all its dimensions – and monitors progress towards Sustainable Development Goal (SDG) 1 – to end poverty in all its forms. It also provides policymakers with the data to respond to the call of Target 1.2, which is to ‘reduce at least by half the proportion of men, women, and children of all ages living in poverty in all its dimensions according to national definition'.\n\nMethodology - Registry\n\nSource: https://data.humdata.org/dataset/hdro-data-for-kazakhstan  \nLast updated at https://data.humdata.org/organization/undp-human-development-reports-office : 2021-05-04  \n\n\nLicense - \nCreative Commons Attribution for Intergovernmental Organisations","homepage":"https://data.world/hdro/06190c96-bc23-42ff-b6d8-f940194848f5","license":"CC-BY-IGO","resources":[{"name":"human_development_indicators_for_kazakhstan_1","schema":{"fields":[{"name":"kaz","title":"KAZ","type":"string","rdfType":"http://www.w3.org/2001/XMLSchema#string","dwSourceId":"kaz"},{"name":"kazakhstan","title":"Kazakhstan","type":"string","rdfType":"http://www.w3.org/2001/XMLSchema#string","dwSourceId":"kazakhstan"},{"name":"38406","title":"38406","type":"integer","rdfType":"http://www.w3.org/2001/XMLSchema#integer","dwSourceId":"38406"},{"name":"multidimensional_poverty_index_mpi","title":"Multidimensional poverty index (MPI)","type":"string","rdfType":"http://www.w3.org/2001/XMLSchema#string","dwSourceId":"multidimensional_poverty_index_mpi"},{"name":"0_00161086","title":"0.00161086","type":"number","rdfType":"http://www.w3.org/2001/XMLSchema#decimal","dwSourceId":"0_00161086"},{"name":"2008_2019","title":"2008-2019","type":"string","rdfType":"http://www.w3.org/2001/XMLSchema#string","dwSourceId":"2008_2019"}]},"path":"data/human_development_indicators_for_kazakhstan_1.csv","format":"csv"},{"name":"quickcharts_human_development_indicators_for_kazakhstan_2","schema":{"fields":[{"name":"indicator_id","title":"indicator_id","type":"integer","rdfType":"http://www.w3.org/2001/XMLSchema#integer","dwSourceId":"indicator_id"},{"name":"year","title":"year","type":"gyear","rdfType":"http://www.w3.org/2001/XMLSchema#gYear","dwSourceId":"year"},{"name":"value","title":"value","type":"number","rdfType":"http://www.w3.org/2001/XMLSchema#decimal","dwSourceId":"value"}]},"path":"data/quickcharts_human_development_indicators_for_kazakhstan_2.csv","format":"csv"},{"name":"original/human-development-indicators-for-kazakhstan-1.csv","path":"original/human-development-indicators-for-kazakhstan-1.csv","format":"csv","mediatype":"text/csv","bytes":143341},{"name":"original/quickcharts-human-development-indicators-for-kazakhstan-2.csv","path":"original/quickcharts-human-development-indicators-for-kazakhstan-2.csv","format":"csv","mediatype":"text/csv","bytes":1059}],"keywords":["demographics","development","education","health","hxl","indicators","socioeconomics","kazakhstan"]}